<?xml version="1.0"?>
<doc>
    <assembly>
        <name>MIG-Interface</name>
    </assembly>
    <members>
        <member name="T:MIG.Interfaces.Example.InterfaceSkelton">
            <summary>
            InterfaceSkelton class
            </summary>
        </member>
        <member name="F:MIG.Interfaces.Example.InterfaceSkelton.log">
            <summary>
            Logger
            </summary>
        </member>
        <member name="F:MIG.Interfaces.Example.InterfaceSkelton.modules">
            <summary>
            List containing interface Modules
            </summary>
        </member>
        <member name="M:MIG.Interfaces.Example.InterfaceSkelton.#ctor">
            <summary>
            Initializes a new instance of the <see cref="T:MIG.Interfaces.Example.InterfaceSkelton"/> class.
            </summary>
        </member>
        <member name="E:MIG.Interfaces.Example.InterfaceSkelton.InterfaceModulesChanged">
            <summary>
            Event for Interface Modules Changing
            </summary>
        </member>
        <member name="E:MIG.Interfaces.Example.InterfaceSkelton.InterfacePropertyChanged">
            <summary>
            Event for Interface Properties Changing
            </summary>
        </member>
        <member name="T:MIG.Interfaces.Example.InterfaceSkelton.Commands">
            <summary>
            Enum containing the commands that are permitted via the web interface
            </summary>
        </member>
        <member name="F:MIG.Interfaces.Example.InterfaceSkelton.Commands.NotSet">
            <summary>
            No Set Command Example
            </summary>
        </member>
        <member name="F:MIG.Interfaces.Example.InterfaceSkelton.Commands.Control_On">
            <summary>
            Control.On Example
            </summary>
        </member>
        <member name="F:MIG.Interfaces.Example.InterfaceSkelton.Commands.Control_Off">
            <summary>
            Control.Off Example
            </summary>
        </member>
        <member name="F:MIG.Interfaces.Example.InterfaceSkelton.Commands.Temperature_Get">
            <summary>
            Temperature.Get Example
            </summary>
        </member>
        <member name="F:MIG.Interfaces.Example.InterfaceSkelton.Commands.Greet_Hello">
            <summary>
            Greet.Hello
            </summary>
        </member>
        <member name="P:MIG.Interfaces.Example.InterfaceSkelton.IsEnabled">
            <summary>
            Gets or sets a value indicating whether this interface is enabled
            </summary>
        </member>
        <member name="P:MIG.Interfaces.Example.InterfaceSkelton.Options">
            <summary>
            Gets or sets a the interface options
            </summary>
        </member>
        <member name="P:MIG.Interfaces.Example.InterfaceSkelton.IsConnected">
            <summary>
            Gets a value indicating whether the interface/controller device is connected or not.
            </summary>
            <value>
            <c>true</c> if it is connected; otherwise, <c>false</c>.
            </value>
        </member>
        <member name="M:MIG.Interfaces.Example.InterfaceSkelton.Dispose">
            <summary>
            Called when disposing the Mig Interface
            </summary>
        </member>
        <member name="M:MIG.Interfaces.Example.InterfaceSkelton.OnSetOption(MIG.Config.Option)">
            <summary>
            Called when setting an interface option?
            </summary>
            <param name="option">The interface option</param>
        </member>
        <member name="M:MIG.Interfaces.Example.InterfaceSkelton.GetModules">
            <summary>
            Gets the interface modules
            </summary>
            <returns>A list containing the interfaces modules</returns>
        </member>
        <member name="M:MIG.Interfaces.Example.InterfaceSkelton.IsDevicePresent">
            <summary>
            Returns true if the device has been found in the system
            </summary>
            <returns>Boolean value indicating if the device is present</returns>
        </member>
        <member name="M:MIG.Interfaces.Example.InterfaceSkelton.Connect">
            <summary>
            Sample Connect Method
            </summary>
            <returns>boolean value indicating if the connection was successful</returns>
        </member>
        <member name="M:MIG.Interfaces.Example.InterfaceSkelton.Disconnect">
            <summary>
            Sample Disconnect Method
            </summary>
        </member>
        <member name="M:MIG.Interfaces.Example.InterfaceSkelton.InterfaceControl(MIG.MigInterfaceCommand)">
            <summary>
            Handles the control of the interface from the Mig / HG web interface
            </summary>
            <param name="request">request body</param>
            <returns>object</returns>
            <exception cref="T:System.ArgumentOutOfRangeException">Argument out of range</exception>
        </member>
        <member name="M:MIG.Interfaces.Example.InterfaceSkelton.OnInterfaceModulesChanged(System.String)">
            <summary>
            Called when the interface mdoules have changed
            </summary>
            <param name="domain">The domain</param>
        </member>
        <member name="M:MIG.Interfaces.Example.InterfaceSkelton.OnInterfacePropertyChanged(System.String,System.String,System.String,System.String,System.Object)">
            <summary>
            Call this when an interface property has changed to notify MIG
            </summary>
            <param name="domain">Domain</param>
            <param name="source">Source</param>
            <param name="description">Description</param>
            <param name="propertyPath">Property Path</param>
            <param name="propertyValue">Property Value</param>
        </member>
    </members>
</doc>
